{"cameraMode":{"drawMode":0,"name":"Shaded","section":"Shading Mode"},"sceneLighting":false,"audioPlay":false,"sceneViewState":{"showFog":true,"showMaterialUpdate":false,"showSkybox":true,"showFlares":true,"showImageEffects":true,"showParticleSystems":true},"in2DMode":false,"pivot":{"x":-4.280913829803467,"y":4.53163480758667,"z":7.879563331604004},"rotation":{"x":0.04641547426581383,"y":-0.053914669901132587,"z":0.0025086039677262308,"w":0.9974631071090698},"size":21.374439239501954,"orthographic":true}