{"cameraMode":{"drawMode":0,"name":"Shaded","section":"Shading Mode"},"sceneLighting":false,"audioPlay":false,"sceneViewState":{"showFog":true,"showMaterialUpdate":false,"showSkybox":true,"showFlares":true,"showImageEffects":true,"showParticleSystems":true},"in2DMode":false,"pivot":{"x":5.109213352203369,"y":-0.5775966644287109,"z":1.1441192626953126},"rotation":{"x":-0.03556681424379349,"y":-0.9644097685813904,"z":0.18178969621658326,"w":-0.18868331611156465},"size":13.01777172088623,"orthographic":false}