{"cameraMode":{"drawMode":0,"name":"Shaded","section":"Shading Mode"},"sceneLighting":false,"audioPlay":false,"sceneViewState":{"showFog":true,"showMaterialUpdate":false,"showSkybox":true,"showFlares":true,"showImageEffects":true,"showParticleSystems":true},"in2DMode":false,"pivot":{"x":7.748603820800781e-7,"y":-0.3999997079372406,"z":-8.940696716308594e-7},"rotation":{"x":0.0020697927102446558,"y":-0.7238688468933106,"z":0.0021716051269322635,"w":0.6899310946464539},"size":2.6809351444244386,"orthographic":true}