{"cameraMode":{"drawMode":0,"name":"Shaded","section":"Shading Mode"},"sceneLighting":false,"audioPlay":false,"sceneViewState":{"showFog":true,"showMaterialUpdate":false,"showSkybox":true,"showFlares":true,"showImageEffects":true,"showParticleSystems":true},"in2DMode":false,"pivot":{"x":-9.5367431640625e-7,"y":-3.96504646005269e-7,"z":-2.384185791015625e-7},"rotation":{"x":-0.14267756044864655,"y":0.8210093975067139,"z":-0.2338656336069107,"w":-0.500892698764801},"size":2.3334579467773439,"orthographic":true}