{"cameraMode":{"drawMode":0,"name":"Shaded","section":"Shading Mode"},"sceneLighting":false,"audioPlay":false,"sceneViewState":{"showFog":true,"showMaterialUpdate":false,"showSkybox":true,"showFlares":true,"showImageEffects":true,"showParticleSystems":true},"in2DMode":false,"pivot":{"x":-0.0000010728836059570313,"y":0.1549742966890335,"z":-0.0000016093254089355469},"rotation":{"x":0.034806787967681888,"y":0.5406957268714905,"z":-0.02239023521542549,"w":0.8401995897293091},"size":1.0014162063598633,"orthographic":true}