{"cameraMode":{"drawMode":0,"name":"Shaded","section":"Shading Mode"},"sceneLighting":false,"audioPlay":false,"sceneViewState":{"showFog":true,"showMaterialUpdate":false,"showSkybox":true,"showFlares":true,"showImageEffects":true,"showParticleSystems":true},"in2DMode":false,"pivot":{"x":2.384185791015625e-7,"y":0.11752166599035263,"z":-0.0000021457672119140627},"rotation":{"x":0.05145805701613426,"y":0.26521098613739016,"z":-0.014167911373078823,"w":0.9627120494842529},"size":1.1890017986297608,"orthographic":true}