{"cameraMode":{"drawMode":0,"name":"Shaded","section":"Shading Mode"},"sceneLighting":false,"audioPlay":false,"sceneViewState":{"showFog":true,"showMaterialUpdate":false,"showSkybox":true,"showFlares":true,"showImageEffects":true,"showParticleSystems":true},"in2DMode":false,"pivot":{"x":-0.033917706459760669,"y":8.18204402923584,"z":-0.5307909250259399},"rotation":{"x":0.2728533148765564,"y":0.6558344960212708,"z":-0.2803424000740051,"w":0.6456317901611328},"size":29.803516387939454,"orthographic":true}