{"cameraMode":{"drawMode":0,"name":"Shaded","section":"Shading Mode"},"sceneLighting":false,"audioPlay":false,"sceneViewState":{"showFog":true,"showMaterialUpdate":false,"showSkybox":true,"showFlares":true,"showImageEffects":true,"showParticleSystems":true},"in2DMode":false,"pivot":{"x":-0.3979123532772064,"y":-0.00007474532321793959,"z":-1.5815620422363282},"rotation":{"x":0.15258383750915528,"y":-0.35661694407463076,"z":0.059182535856962207,"w":0.9198043346405029},"size":17.268482208251954,"orthographic":true}