{"cameraMode":{"drawMode":0,"name":"Shaded","section":"Shading Mode"},"sceneLighting":false,"audioPlay":false,"sceneViewState":{"showFog":true,"showMaterialUpdate":false,"showSkybox":true,"showFlares":true,"showImageEffects":true,"showParticleSystems":true},"in2DMode":false,"pivot":{"x":-6.109476089477539e-7,"y":0.06296665221452713,"z":0.0000018030405044555665},"rotation":{"x":0.3110179901123047,"y":-0.29780498147010805,"z":0.10331403464078903,"w":0.8966081738471985},"size":0.44005951285362246,"orthographic":true}