{"cameraMode":{"drawMode":0,"name":"Shaded","section":"Shading Mode"},"sceneLighting":false,"audioPlay":false,"sceneViewState":{"showFog":true,"showMaterialUpdate":false,"showSkybox":true,"showFlares":true,"showImageEffects":true,"showParticleSystems":true},"in2DMode":false,"pivot":{"x":8.940696716308594e-8,"y":0.1244104877114296,"z":-0.0000016689300537109376},"rotation":{"x":0.05145805701613426,"y":0.26521098613739016,"z":-0.014167911373078823,"w":0.9627120494842529},"size":1.254420518875122,"orthographic":true}