{"cameraMode":{"drawMode":0,"name":"Shaded","section":"Shading Mode"},"sceneLighting":false,"audioPlay":false,"sceneViewState":{"showFog":true,"showMaterialUpdate":false,"showSkybox":true,"showFlares":true,"showImageEffects":true,"showParticleSystems":true},"in2DMode":false,"pivot":{"x":1.0364887714385987,"y":1.1458017826080323,"z":1.6124426126480103},"rotation":{"x":0.019028203561902047,"y":0.9557638764381409,"z":-0.2865767776966095,"w":0.06346026062965393},"size":1.8255720138549805,"orthographic":false}