{"cameraMode":{"drawMode":0,"name":"Shaded","section":"Shading Mode"},"sceneLighting":false,"audioPlay":false,"sceneViewState":{"showFog":true,"showMaterialUpdate":false,"showSkybox":true,"showFlares":true,"showImageEffects":true,"showParticleSystems":true},"in2DMode":false,"pivot":{"x":-0.5000028610229492,"y":0.40000003576278689,"z":-0.5000009536743164},"rotation":{"x":-0.004793726839125156,"y":0.9287710785865784,"z":-0.3704279959201813,"w":-0.012016909196972847},"size":73.29930114746094,"orthographic":true}