{"cameraMode":{"drawMode":0,"name":"Shaded","section":"Shading Mode"},"sceneLighting":false,"audioPlay":false,"sceneViewState":{"showFog":true,"showMaterialUpdate":false,"showSkybox":true,"showFlares":true,"showImageEffects":true,"showParticleSystems":true},"in2DMode":false,"pivot":{"x":-0.000004351139068603516,"y":-0.39999958872795107,"z":-0.0000026226043701171877},"rotation":{"x":0.050252627581357959,"y":0.9442098140716553,"z":-0.2766306400299072,"w":0.17151665687561036},"size":12.512907028198243,"orthographic":true}