{"cameraMode":{"drawMode":0,"name":"Shaded","section":"Shading Mode"},"sceneLighting":false,"audioPlay":false,"sceneViewState":{"showFog":true,"showMaterialUpdate":false,"showSkybox":true,"showFlares":true,"showImageEffects":true,"showParticleSystems":true},"in2DMode":false,"pivot":{"x":0.0000017285346984863282,"y":-0.40000060200691225,"z":0.0000016689300537109376},"rotation":{"x":-0.0815773606300354,"y":0.9184206128120422,"z":-0.2735694944858551,"w":-0.27387678623199465},"size":2.680948257446289,"orthographic":true}