{"cameraMode":{"drawMode":0,"name":"Shaded","section":"Shading Mode"},"sceneLighting":false,"audioPlay":false,"sceneViewState":{"showFog":true,"showMaterialUpdate":false,"showSkybox":true,"showFlares":true,"showImageEffects":true,"showParticleSystems":true},"in2DMode":false,"pivot":{"x":-0.5000028610229492,"y":0.40000003576278689,"z":-0.5000009536743164},"rotation":{"x":0.09957925230264664,"y":0.695321798324585,"z":-0.10118826478719711,"w":0.7045370936393738},"size":0.8573651909828186,"orthographic":true}