{"cameraMode":{"drawMode":0,"name":"Shaded","section":"Shading Mode"},"sceneLighting":false,"audioPlay":false,"sceneViewState":{"showFog":true,"showMaterialUpdate":false,"showSkybox":true,"showFlares":true,"showImageEffects":true,"showParticleSystems":true},"in2DMode":false,"pivot":{"x":-6.989644527435303,"y":-1.703611135482788,"z":0.6845690011978149},"rotation":{"x":-0.12674185633659364,"y":0.7460065484046936,"z":-0.14850743114948274,"w":-0.636676013469696},"size":2.8578836917877199,"orthographic":true}