{"cameraMode":{"drawMode":0,"name":"Shaded","section":"Shading Mode"},"sceneLighting":false,"audioPlay":false,"sceneViewState":{"showFog":true,"showMaterialUpdate":true,"showSkybox":true,"showFlares":true,"showImageEffects":true,"showParticleSystems":true},"in2DMode":false,"pivot":{"x":-0.41504907608032229,"y":1.0006111860275269,"z":0.7129999995231628},"rotation":{"x":0.004483400844037533,"y":-0.664542555809021,"z":0.003987230826169252,"w":0.7472264170646668},"size":1.0239413976669312,"orthographic":false}