{"cameraMode":{"drawMode":0,"name":"Shaded","section":"Shading Mode"},"sceneLighting":false,"audioPlay":false,"sceneViewState":{"showFog":true,"showMaterialUpdate":false,"showSkybox":true,"showFlares":true,"showImageEffects":true,"showParticleSystems":true},"in2DMode":false,"pivot":{"x":-1.27335524559021,"y":0.5306111574172974,"z":0.22299998998641969},"rotation":{"x":-0.3446287214756012,"y":-0.6309629082679749,"z":0.3692684471607208,"w":-0.5888614654541016},"size":7.312389373779297,"orthographic":true}