{"cameraMode":{"drawMode":0,"name":"Shaded","section":"Shading Mode"},"sceneLighting":true,"audioPlay":false,"sceneViewState":{"showFog":true,"showMaterialUpdate":true,"showSkybox":true,"showFlares":true,"showImageEffects":true,"showParticleSystems":true},"in2DMode":false,"pivot":{"x":0.07292778789997101,"y":-5.653587341308594,"z":-3.442838430404663},"rotation":{"x":0.7891715168952942,"y":-0.11348392069339752,"z":0.15340988337993623,"w":0.5837765336036682},"size":16.76779556274414,"orthographic":true}