{"cameraMode":{"drawMode":0,"name":"Shaded","section":"Shading Mode"},"sceneLighting":false,"audioPlay":false,"sceneViewState":{"showFog":true,"showMaterialUpdate":false,"showSkybox":true,"showFlares":true,"showImageEffects":true,"showParticleSystems":true},"in2DMode":false,"pivot":{"x":-19.671974182128908,"y":0.686287522315979,"z":-14.969598770141602},"rotation":{"x":0.6247396469116211,"y":0.07275941967964173,"z":-0.0586371012032032,"w":0.7752213478088379},"size":4.556069850921631,"orthographic":false}