{"cameraMode":{"drawMode":0,"name":"Shaded","section":"Shading Mode"},"sceneLighting":false,"audioPlay":false,"sceneViewState":{"showFog":true,"showMaterialUpdate":false,"showSkybox":true,"showFlares":true,"showImageEffects":true,"showParticleSystems":true},"in2DMode":false,"pivot":{"x":8.668962478637696,"y":-1.7938146591186524,"z":-1.1270408630371094},"rotation":{"x":-0.007417249493300915,"y":0.9268748164176941,"z":-0.37484899163246157,"w":-0.018340472131967546},"size":22.0,"orthographic":false}