{"cameraMode":{"drawMode":0,"name":"Shaded","section":"Shading Mode"},"sceneLighting":false,"audioPlay":false,"sceneViewState":{"showFog":true,"showMaterialUpdate":false,"showSkybox":true,"showFlares":true,"showImageEffects":true,"showParticleSystems":true},"in2DMode":false,"pivot":{"x":-0.5000028610229492,"y":0.40000003576278689,"z":-0.5000009536743164},"rotation":{"x":0.043497197329998019,"y":0.9213081002235413,"z":-0.37098726630210879,"w":0.10801789164543152},"size":0.8573651909828186,"orthographic":false}