{"cameraMode":{"drawMode":0,"name":"Shaded","section":"Shading Mode"},"sceneLighting":false,"audioPlay":false,"sceneViewState":{"showFog":true,"showMaterialUpdate":false,"showSkybox":true,"showFlares":true,"showImageEffects":true,"showParticleSystems":true},"in2DMode":false,"pivot":{"x":-12.400035858154297,"y":-2.0626296997070314,"z":2.100870132446289},"rotation":{"x":0.6247396469116211,"y":0.07275941967964173,"z":-0.0586371012032032,"w":0.7752213478088379},"size":114.72747039794922,"orthographic":false}