{"cameraMode":{"drawMode":0,"name":"Shaded","section":"Shading Mode"},"sceneLighting":false,"audioPlay":false,"sceneViewState":{"showFog":true,"showMaterialUpdate":false,"showSkybox":true,"showFlares":true,"showImageEffects":true,"showParticleSystems":true},"in2DMode":false,"pivot":{"x":1.5178114175796509,"y":1.5392694473266602,"z":-1.9192631244659424},"rotation":{"x":0.22041502594947816,"y":0.7564765214920044,"z":-0.31522372364997866,"w":0.5289560556411743},"size":11.796432495117188,"orthographic":false}