{"cameraMode":{"drawMode":0,"name":"Shaded","section":"Shading Mode"},"sceneLighting":false,"audioPlay":false,"sceneViewState":{"showFog":true,"showMaterialUpdate":false,"showSkybox":true,"showFlares":true,"showImageEffects":true,"showParticleSystems":true},"in2DMode":false,"pivot":{"x":-16.75505828857422,"y":0.6862903237342835,"z":-14.969598770141602},"rotation":{"x":0.18139061331748963,"y":0.09775209426879883,"z":-0.018124185502529146,"w":0.9783729314804077},"size":4.693673133850098,"orthographic":false}